ID,Donor Name,Donation Amount,Donation Date
1,John Doe,100.00,2022-01-15
2,Jane Smith,200.00,2022-02-10
3,Emily Davis,150.00,2022-03-05
4,Michael Brown,250.00,2022-04-20
5,Lisa Johnson,175.00,2022-05-12
6,David Wilson,225.00,2022-06-18
7,Sarah Lee,180.00,2022-07-22
8,Chris Martin,240.00,2022-08-30
9,Scott Brown,250.00,2022-04-24
10,Karen Taylor,190.00,2022-09-15
11,Jason Moore,210.00,2022-10-05
12,Nancy Clark,195.00,2022-11-27
13,Robert Lewis,230.00,2022-12-31
14,Susan Walker,160.00,2023-01-09
15,James Hall,205.00,2023-02-14
16,Patricia Young,185.00,2023-03-21
17,Thomas Allen,215.00,2023-04-12
18,Linda Wright,170.00,2023-05-17
19,Charles King,245.00,2023-06-23
20,Barbara Scott,155.00,2023-07-29
